Designator,Footprint,Quantity,Value,LCSC Part #
"C1, C12, C13, C14, C18, C2, C20, C3, C4, C5, C6, C7, C8",0603,13,100n,
"C10, C19, C9",CP_Radial_D6.3mm_P2.50mm,3,10u,
C11,CP_Radial_D6.3mm_P2.50mm,1,100u,
C15,CP_Radial_D6.3mm_P2.50mm,1,1u,
C16,0603,1,22n,
C17,0603,1,220n,
"D1, D2",D_SOD-123,2,1N4148W,
D3,LED_D5.0mm,1,GREEN,
D4,D_SOD-123F,1,SM4007,
D5,LED_D5.0mm,1,RED,
J1,PinHeader_1x02_P2.54mm_Vertical,1,EN,
J2,PinHeader_1x02_P2.54mm_Vertical,1,SAFE,
J3,PinHeader_1x02_P2.54mm_Vertical,1,P/R,
J4,PinHeader_1x02_P2.54mm_Vertical,1,DTUNE,
J5,PinHeader_1x02_P2.54mm_Vertical,1,PWR,
J6,PinHeader_1x02_P2.54mm_Vertical,1,IN,
J7,PinHeader_1x02_P2.54mm_Vertical,1,OUT,
"R1, R11, R21",0603,3,47k,
"R10, R14, R15, R19, R20, R22, R3, R5, R6, R7, R9",0603,11,10k,
R12,0603,1,22,
"R13, R18, R2",0603,3,1k,
"R16, R4",0603,2,470k,
"R17, R8",0603,2,22k,
RV1,Potentiometer_Alpha_RD901F-40-00D_Single_Vertical,1,B10k,
"RV2, RV4",Potentiometer_Alpha_RD901F-40-00D_Single_Vertical,2,B50k,
RV3,Potentiometer_Alpha_RD901F-40-00D_Single_Vertical,1,A100k,
"U1, U4",SOIC-8_3.9x4.9mm_P1.27mm,2,TL072,
U2,DIP-28_W15.24mm_LongPads,1,~,
U3,SO-14_3.9x8.65mm_P1.27mm,1,CD4001BM,
U5,SOT-89-3,1,L78L05_SOT89,
